{
  "_fv": 13,
  "_type": "food",
  "definition": {
    "renderType": 0,
    "texture": "nomnom",
    "customModelName": "Normal",
    "name": "Burger",
    "rarity": "COMMON",
    "specialInfo": [
      "Yum!"
    ],
    "creativeTab": {
      "value": "FOOD"
    },
    "stackSize": 64,
    "nutritionalValue": 4,
    "saturation": 10.0,
    "eatingSpeed": 10,
    "forDogs": false,
    "isAlwaysEdible": true,
    "animation": "eat",
    "hasGlow": false,
    "onEaten": {
      "name": "BurgerFoodEaten"
    }
  }
}