{
  "_fv": 13,
  "_type": "food",
  "definition": {
    "renderType": 0,
    "texture": "chicken-nugget-mcdonald-s-chicken-mcnuggets-buffalo-wing-chicken-fingers-chicken-png-clip-art-thumbnail",
    "customModelName": "Normal",
    "name": "Chicken Nuggets",
    "rarity": "COMMON",
    "specialInfo": [
      "Yum!"
    ],
    "creativeTab": {
      "value": "FOOD"
    },
    "stackSize": 64,
    "nutritionalValue": 4,
    "saturation": 4.699999999999999,
    "eatingSpeed": 32,
    "forDogs": true,
    "isAlwaysEdible": false,
    "animation": "eat",
    "hasGlow": false
  }
}