{
  "_fv": 13,
  "_type": "food",
  "definition": {
    "renderType": 0,
    "texture": "brand-hamburger-kfc-cola-coca",
    "customModelName": "Normal",
    "name": "Coca Cola",
    "rarity": "COMMON",
    "specialInfo": [
      "Can collect only on Mcadonals Vending Machine"
    ],
    "creativeTab": {
      "value": "FOOD"
    },
    "stackSize": 64,
    "nutritionalValue": 4,
    "saturation": 2.3000000000000003,
    "eatingSpeed": 32,
    "forDogs": false,
    "isAlwaysEdible": false,
    "animation": "drink",
    "hasGlow": false
  }
}