{
  "_fv": 13,
  "_type": "gui",
  "definition": {
    "type": 0,
    "width": 260,
    "height": 189,
    "inventoryOffsetX": 0,
    "inventoryOffsetY": 0,
    "renderBgLayer": true,
    "doesPauseGame": true,
    "components": [
      {
        "type": "label",
        "data": {
          "text": "Hello! This a Admin GUI",
          "color": {
            "value": -16777216,
            "falpha": 0.0
          },
          "name": "Hello! This a Admin GUI",
          "x": 144,
          "y": 41
        }
      },
      {
        "type": "button",
        "data": {
          "text": "+64 Diamonds",
          "onClick": {
            "name": "Buttonpressed"
          },
          "width": 120,
          "height": 20,
          "name": "+64 Diamonds",
          "x": 147,
          "y": 59
        }
      },
      {
        "type": "button",
        "data": {
          "text": "+Super Set",
          "onClick": {
            "name": "ButtonPressed2"
          },
          "width": 100,
          "height": 20,
          "name": "+Super Set",
          "x": 149,
          "y": 88
        }
      },
      {
        "type": "button",
        "data": {
          "text": "Gamemode 1",
          "onClick": {
            "name": "Buttonpressed3"
          },
          "width": 100,
          "height": 20,
          "name": "Gamemode 1",
          "x": 147,
          "y": 114
        }
      },
      {
        "type": "button",
        "data": {
          "text": "Gamemode 0",
          "onClick": {
            "name": "Buttonpressed4"
          },
          "width": 90,
          "height": 20,
          "name": "Gamemode 0",
          "x": 146,
          "y": 141
        }
      },
      {
        "type": "button",
        "data": {
          "text": "+Killer-3000",
          "onClick": {
            "name": "Buttonpressed5"
          },
          "width": 120,
          "height": 20,
          "name": "+Killer-3000",
          "x": 147,
          "y": 167
        }
      },
      {
        "type": "button",
        "data": {
          "text": "God Mode (On/Off) (BETA)",
          "onClick": {
            "name": "Buttonpressed6"
          },
          "width": 170,
          "height": 20,
          "name": "God Mode (On/Off) (BETA)",
          "x": 131,
          "y": 190
        }
      }
    ]
  }
}