{
  "_fv": 13,
  "_type": "tool",
  "definition": {
    "renderType": 0,
    "texture": "killer",
    "customModelName": "Normal",
    "name": "Killer-3000",
    "specialInfo": [
      "ADMINS ONLY!!!!"
    ],
    "creativeTab": {
      "value": "CUSTOM:AdminTools"
    },
    "toolType": "Sword",
    "harvestLevel": 1,
    "efficiency": 4.0,
    "attackSpeed": 2.9,
    "enchantability": 2,
    "damageVsEntity": 10008.9,
    "usageCount": 100080,
    "blocksAffected": [],
    "hasGlow": true,
    "repairItems": [
      {
        "value": "Items.EMERALD"
      }
    ],
    "stayInGridWhenCrafting": false,
    "damageOnCrafting": false
  }
}