{
  "_fv": 13,
  "_type": "food",
  "definition": {
    "renderType": 0,
    "texture": "strawberry",
    "customModelName": "Normal",
    "name": "Strawberry",
    "rarity": "COMMON",
    "specialInfo": [],
    "creativeTab": {
      "value": "FOOD"
    },
    "stackSize": 64,
    "nutritionalValue": 4,
    "saturation": 1.0,
    "eatingSpeed": 32,
    "forDogs": false,
    "isAlwaysEdible": false,
    "animation": "eat",
    "hasGlow": false,
    "onEaten": {
      "name": "StrawberryFoodEaten"
    }
  }
}