{
  "_fv": 13,
  "_type": "gui",
  "definition": {
    "type": 0,
    "width": 283,
    "height": 166,
    "inventoryOffsetX": 0,
    "inventoryOffsetY": 0,
    "renderBgLayer": true,
    "doesPauseGame": false,
    "components": [
      {
        "type": "label",
        "data": {
          "text": "Mcadonals Vending Machine",
          "color": {
            "value": -16777216,
            "falpha": 0.0
          },
          "name": "Mcadonals Vending Machine",
          "x": 146,
          "y": 41
        }
      },
      {
        "type": "button",
        "data": {
          "text": "+Fries",
          "onClick": {
            "name": "Buttonpressed7"
          },
          "width": 60,
          "height": 20,
          "name": "+Fries",
          "x": 155,
          "y": 87
        }
      },
      {
        "type": "button",
        "data": {
          "text": "+Burger",
          "onClick": {
            "name": "Buttonpressed8"
          },
          "width": 70,
          "height": 20,
          "name": "+Burger",
          "x": 219,
          "y": 86
        }
      },
      {
        "type": "button",
        "data": {
          "text": "+Coca-Cola",
          "onClick": {
            "name": "Buttonpressed9"
          },
          "width": 100,
          "height": 20,
          "name": "+Coca-Cola",
          "x": 154,
          "y": 112
        }
      },
      {
        "type": "button",
        "data": {
          "text": "Chicken Nuggets",
          "onClick": {
            "name": "Buttonpressed10"
          },
          "width": 150,
          "height": 20,
          "name": "Chicken Nuggets",
          "x": 140,
          "y": 134
        }
      },
      {
        "type": "button",
        "data": {
          "text": "Happy Meal (8 Emeralds)",
          "onClick": {
            "name": "Buttonpressed6"
          },
          "width": 230,
          "height": 20,
          "name": "Happy Meal (8 Emeralds)",
          "x": 100,
          "y": 61
        }
      }
    ]
  }
}