{
  "_fv": 13,
  "_type": "achievement",
  "definition": {
    "achievementName": "Who Im Am?",
    "achievementDescription": "The Story Starts.......",
    "achievementIcon": {
      "value": "Blocks.GRASS"
    },
    "background": "Default",
    "disableDisplay": false,
    "showPopup": true,
    "announceToChat": true,
    "hideIfNotCompleted": true,
    "rewardLoot": [],
    "rewardRecipes": [
      "Burg",
      "Tool",
      "Fries3",
      "Fries2",
      "Fries1",
      "Bread",
      "Cheese1"
    ],
    "rewardFunction": "No function",
    "rewardXP": 10,
    "achievementType": "task",
    "parent": {
      "value": "story/root"
    },
    "triggerxml": "<xml xmlns=\"https://developers.google.com/blockly/xml\"><block type=\"item_in_inventory\" x=\"14\" y=\"47\"><value name=\"amount_l\"><block type=\"math_number\"><field name=\"NUM\">1</field></block></value><value name=\"amount_h\"><block type=\"math_number\"><field name=\"NUM\">1</field></block></value><value name=\"item\"><block type=\"mcitem_all\"><field name=\"value\">Blocks.DIRT#0</field></block></value><next><block type=\"advancement_trigger\" deletable=\"false\"/></next></block></xml>"
  }
}