{
  "_fv": 10,
  "_type": "gui",
  "definition": {
    "type": 0,
    "width": 352,
    "height": 332,
    "renderBgLayer": true,
    "doesPauseGame": false,
    "components": [
      {
        "type": "label",
        "data": {
          "text": "Mcadonals Vending Machine",
          "color": {
            "value": -16777216,
            "falpha": 0.0
          },
          "name": "Mcadonals Vending Machine",
          "x": 291,
          "y": 82
        }
      },
      {
        "type": "button",
        "data": {
          "text": "+Happy Meal",
          "onClick": {
            "name": "Buttonpressed6"
          },
          "width": 220,
          "height": 40,
          "name": "+Happy Meal",
          "x": 310,
          "y": 124
        }
      },
      {
        "type": "button",
        "data": {
          "text": "+Fries",
          "onClick": {
            "name": "Buttonpressed7"
          },
          "width": 120,
          "height": 40,
          "name": "+Fries",
          "x": 309,
          "y": 174
        }
      },
      {
        "type": "button",
        "data": {
          "text": "+Burger",
          "onClick": {
            "name": "Buttonpressed8"
          },
          "width": 140,
          "height": 40,
          "name": "+Burger",
          "x": 437,
          "y": 172
        }
      },
      {
        "type": "button",
        "data": {
          "text": "+Coca-Cola",
          "onClick": {
            "name": "Buttonpressed9"
          },
          "width": 200,
          "height": 40,
          "name": "+Coca-Cola",
          "x": 307,
          "y": 223
        }
      },
      {
        "type": "button",
        "data": {
          "text": "Chicken Nuggets",
          "onClick": {
            "name": "Buttonpressed10"
          },
          "width": 300,
          "height": 40,
          "name": "Chicken Nuggets",
          "x": 280,
          "y": 267
        }
      }
    ]
  }
}