{
  "display": {
    "background": "my_mod10625:textures/abandoned.png",
    "icon": {
      "item": "minecraft:structure_void"
    },
    "title": {
      "translate": "advancements.where_me.title"
    },
    "description": {
      "translate": "advancements.where_me.descr"
    },
    "frame": "task",
    "show_toast": true,
    "announce_to_chat": false,
    "hidden": false
  },
  "criteria": {
    "where_me": {
      "trigger": "minecraft:location",
      "conditions": {
        "biome": "my_mod10625:abandoned_biome"
      }
    }
  },
  "rewards": {
    "experience": 10000
  }
}