{
  "_fv": 10,
  "_type": "recipe",
  "definition": {
    "recipeType": "Crafting",
    "xpReward": 0.0,
    "cookingTime": 200,
    "recipeRetstackSize": 1,
    "group": "",
    "recipeShapeless": false,
    "recipeSlots": [
      {
        "value": ""
      },
      {
        "value": "CUSTOM:Cheese"
      },
      {
        "value": ""
      },
      {
        "value": ""
      },
      {
        "value": "Items.COOKED_BEEF"
      },
      {
        "value": "CUSTOM:Lettuce"
      },
      {
        "value": ""
      },
      {
        "value": "CUSTOM:Breadslides"
      },
      {
        "value": ""
      }
    ],
    "recipeReturnStack": {
      "value": "CUSTOM:Burger"
    },
    "name": "burg",
    "namespace": "minecraft"
  }
}