{
  "_fv": 10,
  "_type": "gui",
  "definition": {
    "type": 0,
    "width": 519,
    "height": 377,
    "renderBgLayer": true,
    "doesPauseGame": true,
    "components": [
      {
        "type": "label",
        "data": {
          "text": "Hello! This a Admin GUI",
          "color": {
            "value": -16777216,
            "falpha": 0.0
          },
          "name": "Hello! This a Admin GUI",
          "x": 287,
          "y": 81
        }
      },
      {
        "type": "button",
        "data": {
          "text": "+64 Diamonds",
          "onClick": {
            "name": "Buttonpressed"
          },
          "width": 240,
          "height": 40,
          "name": "+64 Diamonds",
          "x": 293,
          "y": 117
        }
      },
      {
        "type": "button",
        "data": {
          "text": "+Super Set",
          "onClick": {
            "name": "ButtonPressed2"
          },
          "width": 200,
          "height": 40,
          "name": "+Super Set",
          "x": 297,
          "y": 175
        }
      },
      {
        "type": "button",
        "data": {
          "text": "Gamemode 1",
          "onClick": {
            "name": "Buttonpressed3"
          },
          "width": 200,
          "height": 40,
          "name": "Gamemode 1",
          "x": 294,
          "y": 227
        }
      },
      {
        "type": "button",
        "data": {
          "text": "Gamemode 0",
          "onClick": {
            "name": "Buttonpressed4"
          },
          "width": 180,
          "height": 40,
          "name": "Gamemode 0",
          "x": 292,
          "y": 281
        }
      },
      {
        "type": "button",
        "data": {
          "text": "+Killer-3000",
          "onClick": {
            "name": "Buttonpressed5"
          },
          "width": 240,
          "height": 40,
          "name": "+Killer-3000",
          "x": 293,
          "y": 333
        }
      },
      {
        "type": "button",
        "data": {
          "text": "God Mode (On/Off) (BETA)",
          "onClick": {
            "name": "Buttonpressed6"
          },
          "width": 340,
          "height": 40,
          "name": "God Mode (On/Off) (BETA)",
          "x": 261,
          "y": 379
        }
      }
    ]
  }
}