{
  "_fv": 10,
  "_type": "dimension",
  "definition": {
    "portalFrame": {
      "value": "Blocks.GREEN_GLAZED_TERRACOTTA"
    },
    "portalParticles": {
      "value": "ENCHANTMENT_TABLE"
    },
    "portalLuminance": 0.0,
    "portalSound": {
      "value": ""
    },
    "igniterName": "ERROR Portal Igniter",
    "igniterTab": {
      "value": "TOOLS"
    },
    "texture": "abanoded",
    "portalTexture": "eree",
    "enablePortal": true,
    "biomesInDimension": [
      {
        "value": "CUSTOM:AbandonedBiome"
      },
      {
        "value": "bamboo_jungle_hills"
      },
      {
        "value": "forest"
      },
      {
        "value": "plains"
      },
      {
        "value": "forest"
      },
      {
        "value": "savanna_rock"
      }
    ],
    "worldGenType": "Normal world gen",
    "mainFillerBlock": {
      "value": "Blocks.GRASS"
    },
    "fluidBlock": {
      "value": "Blocks.FLOWING_WATER"
    },
    "airColor": {
      "value": -52480,
      "falpha": 0.0
    },
    "canRespawnHere": true,
    "hasFog": false,
    "hasWeather": true,
    "isDark": false,
    "doesWaterVaporize": false,
    "sleepResult": "ALLOW",
    "hasSkyLight": true,
    "imitateOverworldBehaviour": false
  }
}