{
  "_fv": 10,
  "_type": "achievement",
  "definition": {
    "achievementName": "Where Me?",
    "achievementDescription": "be in a abandoned biome",
    "achievementIcon": {
      "value": "Blocks.STRUCTURE_VOID"
    },
    "background": "abandoned.png",
    "disableDisplay": false,
    "showPopup": true,
    "announceToChat": false,
    "hideIfNotCompleted": false,
    "rewardLoot": [],
    "rewardRecipes": [],
    "rewardFunction": "No function",
    "rewardXP": 10000,
    "achievementType": "task",
    "parent": {
      "value": "No parent: root"
    },
    "triggerxml": "<xml xmlns=\"https://developers.google.com/blockly/xml\"><block type=\"biome_entered\" x=\"34\" y=\"44\"><field name=\"biome\">CUSTOM:AbandonedBiome</field><next><block type=\"advancement_trigger\" deletable=\"false\"/></next></block></xml>"
  }
}