{
  "display": {
    "background": "minecraft:textures/block/stone.png",
    "icon": {
      "item": "my_mod10625:cerealbowl"
    },
    "title": {
      "translate": "advancements.perfection.title"
    },
    "description": {
      "translate": "advancements.perfection.descr"
    },
    "frame": "challenge",
    "show_toast": true,
    "announce_to_chat": true,
    "hidden": false
  },
  "criteria": {
    "perfection": {
      "trigger": "minecraft:inventory_changed",
      "conditions": {
        "items": [
          {
            "item": "my_mod10625:cerealbowl",
            "count": {
              "min": 1,
              "max": 1
            }
          }
        ]
      }
    }
  },
  "rewards": {
    "experience": 100
  }
}