{
  "_fv": 10,
  "_type": "biome",
  "definition": {
    "groundBlock": {
      "value": "Blocks.DIAMOND_ORE"
    },
    "undergroundBlock": {
      "value": "Blocks.IRON_ORE"
    },
    "generateLakes": true,
    "treeType": 1,
    "vanillaTreeType": "Mega spruce trees",
    "minHeight": 61,
    "spawnVines": true,
    "treeVines": {
      "value": "Blocks.VINE"
    },
    "treeStem": {
      "value": "Blocks.LOG#0"
    },
    "treeBranch": {
      "value": "Blocks.COAL_ORE"
    },
    "treeFruits": {
      "value": "Blocks.CAKE"
    },
    "airColor": {
      "value": -10027213,
      "falpha": 0.0
    },
    "waterColor": {
      "value": -65485,
      "falpha": 0.0
    },
    "treesPerChunk": 10,
    "grassPerChunk": 4,
    "flowersPerChunk": 4,
    "mushroomsPerChunk": 0,
    "bigMushroomsChunk": 0,
    "sandPathcesPerChunk": 0,
    "gravelPatchesPerChunk": 0,
    "reedsPerChunk": 0,
    "cactiPerChunk": 0,
    "rainingPossibility": 0.5,
    "temperature": 0.5,
    "baseHeight": 10.0,
    "heightVariation": 2.0,
    "spawnBiome": true,
    "biomeWeight": 100,
    "biomeType": "WARM",
    "biomeCategory": "NONE",
    "parent": {
      "value": "plains"
    },
    "biomeDictionaryTypes": [
      "FOREST"
    ],
    "spawnEntries": [
      {
        "entity": {
          "value": "EntityAnimal"
        },
        "minGroup": 4,
        "maxGroup": 4,
        "weight": 20,
        "spawnType": "creature"
      },
      {
        "entity": {
          "value": "EntityCow"
        },
        "minGroup": 4,
        "maxGroup": 4,
        "weight": 20,
        "spawnType": "creature"
      },
      {
        "entity": {
          "value": "EntitySheep"
        },
        "minGroup": 4,
        "maxGroup": 4,
        "weight": 20,
        "spawnType": "creature"
      },
      {
        "entity": {
          "value": "EntityPlayer"
        },
        "minGroup": 4,
        "maxGroup": 4,
        "weight": 20,
        "spawnType": "monster"
      }
    ]
  }
}