{
  "_fv": 10,
  "_type": "tool",
  "definition": {
    "renderType": 0,
    "texture": "atm_final",
    "customModelName": "Normal",
    "name": "AMT",
    "specialInfo": [
      "AUTO MULTITOOL TURBO! ONLY FOR:99.9$!!!"
    ],
    "creativeTab": {
      "value": "TOOLS"
    },
    "toolType": "Pickaxe",
    "harvestLevel": 1000,
    "efficiency": 1000.0,
    "attackSpeed": 0.30000000000000004,
    "enchantability": 2,
    "damageVsEntity": 15.0,
    "usageCount": 100896,
    "blocksAffected": [],
    "hasGlow": true,
    "repairItems": [
      {
        "value": "CUSTOM:Uraniumsafe"
      }
    ],
    "stayInGridWhenCrafting": true,
    "damageOnCrafting": false
  }
}