{
  "_fv": 10,
  "_type": "item",
  "definition": {
    "renderType": 0,
    "texture": "uranium_cleared",
    "customModelName": "Normal",
    "name": "Uranium (not safe!!!)",
    "creativeTab": {
      "value": "MATERIALS"
    },
    "stackSize": 64,
    "enchantability": 0,
    "useDuration": 0,
    "toolType": 1.0,
    "damageCount": 0,
    "destroyAnyBlock": false,
    "stayInGridWhenCrafting": false,
    "damageOnCrafting": false,
    "enableMeleeDamage": false,
    "damageVsEntity": 0.0,
    "specialInfo": [
      "WARNING:RADIOCTIVE!"
    ],
    "hasGlow": true,
    "guiBoundTo": "<NONE>",
    "inventorySize": 9,
    "inventoryStackSize": 64,
    "onItemInUseTick": {
      "name": "UraniumnotsafeItemInHandTick"
    }
  }
}