{
  "display": {
    "icon": {
      "item": "minecraft:grass_block"
    },
    "title": {
      "translate": "advancements.who_im_am.title"
    },
    "description": {
      "translate": "advancements.who_im_am.descr"
    },
    "frame": "task",
    "show_toast": true,
    "announce_to_chat": true,
    "hidden": true
  },
  "criteria": {
    "who_im_am": {
      "trigger": "minecraft:inventory_changed",
      "conditions": {
        "items": [
          {
            "item": "minecraft:dirt",
            "count": {
              "min": 1,
              "max": 1
            }
          }
        ]
      }
    }
  },
  "rewards": {
    "experience": 10,
    "recipes": [
      "minecraft:burg",
      "my_mod10625:tool",
      "my_mod10625:fries_3",
      "my_mod10625:fries_2",
      "my_mod10625:slied_potato",
      "my_mod10625:bread",
      "my_mod10625:cheese"
    ]
  },
  "parent": "minecraft:story/root"
}